Referenz;MPN;Pad;Symbolfunktion;Netz;DNP;Footprint
C1;C2012X7R1E105K125AB;1;;VBUS;NO;RevB:Capacitor_SMD__C_0805_2012Metric_Pad1.18x1.45mm_HandSolder
C1;C2012X7R1E105K125AB;2;;GND;NO;RevB:Capacitor_SMD__C_0805_2012Metric_Pad1.18x1.45mm_HandSolder
C2;C2012X7R1H104K085AA;1;;VBUS;NO;RevB:Capacitor_SMD__C_0805_2012Metric_Pad1.18x1.45mm_HandSolder
C2;C2012X7R1H104K085AA;2;;GND;NO;RevB:Capacitor_SMD__C_0805_2012Metric_Pad1.18x1.45mm_HandSolder
C3;C3216X5R1C226M160AB;1;;VBAT;NO;RevB:Capacitor_SMD__C_1206_3216Metric_Pad1.33x1.80mm_HandSolder
C3;C3216X5R1C226M160AB;2;;GND;NO;RevB:Capacitor_SMD__C_1206_3216Metric_Pad1.33x1.80mm_HandSolder
C4;C3216X5R1C226M160AB;1;;VBAT;NO;RevB:Capacitor_SMD__C_1206_3216Metric_Pad1.33x1.80mm_HandSolder
C4;C3216X5R1C226M160AB;2;;GND;NO;RevB:Capacitor_SMD__C_1206_3216Metric_Pad1.33x1.80mm_HandSolder
C5;C3216X5R1C226M160AB;1;;VSYS;NO;RevB:Capacitor_SMD__C_1206_3216Metric_Pad1.33x1.80mm_HandSolder
C5;C3216X5R1C226M160AB;2;;GND;NO;RevB:Capacitor_SMD__C_1206_3216Metric_Pad1.33x1.80mm_HandSolder
C6;C3216X5R1C226M160AB;1;;VSYS;NO;RevB:Capacitor_SMD__C_1206_3216Metric_Pad1.33x1.80mm_HandSolder
C6;C3216X5R1C226M160AB;2;;GND;NO;RevB:Capacitor_SMD__C_1206_3216Metric_Pad1.33x1.80mm_HandSolder
C7;C3216X5R1C226M160AB;1;;VSYS;NO;RevB:Capacitor_SMD__C_1206_3216Metric_Pad1.33x1.80mm_HandSolder
C7;C3216X5R1C226M160AB;2;;GND;NO;RevB:Capacitor_SMD__C_1206_3216Metric_Pad1.33x1.80mm_HandSolder
C8;C3216X5R1C226M160AB;1;;VSYS;NO;RevB:Capacitor_SMD__C_1206_3216Metric_Pad1.33x1.80mm_HandSolder
C8;C3216X5R1C226M160AB;2;;GND;NO;RevB:Capacitor_SMD__C_1206_3216Metric_Pad1.33x1.80mm_HandSolder
C9;C3216X5R1C226M160AB;1;;3V3_REG;NO;RevB:Capacitor_SMD__C_1206_3216Metric_Pad1.33x1.80mm_HandSolder
C9;C3216X5R1C226M160AB;2;;GND;NO;RevB:Capacitor_SMD__C_1206_3216Metric_Pad1.33x1.80mm_HandSolder
C10;C3216X5R1C226M160AB;1;;3V3_REG;NO;RevB:Capacitor_SMD__C_1206_3216Metric_Pad1.33x1.80mm_HandSolder
C10;C3216X5R1C226M160AB;2;;GND;NO;RevB:Capacitor_SMD__C_1206_3216Metric_Pad1.33x1.80mm_HandSolder
C11;C3216X5R1C226M160AB;1;;3V3;NO;RevB:Capacitor_SMD__C_1206_3216Metric_Pad1.33x1.80mm_HandSolder
C11;C3216X5R1C226M160AB;2;;GND;NO;RevB:Capacitor_SMD__C_1206_3216Metric_Pad1.33x1.80mm_HandSolder
C12;C2012X7R1H104K085AA;1;;3V3;NO;RevB:Capacitor_SMD__C_0805_2012Metric_Pad1.18x1.45mm_HandSolder
C12;C2012X7R1H104K085AA;2;;GND;NO;RevB:Capacitor_SMD__C_0805_2012Metric_Pad1.18x1.45mm_HandSolder
C13;C2012X7R1E105K125AB;1;;RESET_N;NO;RevB:Capacitor_SMD__C_0805_2012Metric_Pad1.18x1.45mm_HandSolder
C13;C2012X7R1E105K125AB;2;;GND;NO;RevB:Capacitor_SMD__C_0805_2012Metric_Pad1.18x1.45mm_HandSolder
C14;C2012X7R1E105K125AB;1;;OLED_3V3;NO;RevB:Capacitor_SMD__C_0805_2012Metric_Pad1.18x1.45mm_HandSolder
C14;C2012X7R1E105K125AB;2;;GND;NO;RevB:Capacitor_SMD__C_0805_2012Metric_Pad1.18x1.45mm_HandSolder
C15;C2012X7R1H104K085AA;1;;BUTTON;NO;RevB:Capacitor_SMD__C_0805_2012Metric_Pad1.18x1.45mm_HandSolder
C15;C2012X7R1H104K085AA;2;;GND;NO;RevB:Capacitor_SMD__C_0805_2012Metric_Pad1.18x1.45mm_HandSolder
C16;C2012X7R1H104K085AA;1;;BAT_ADC;NO;RevB:Capacitor_SMD__C_0805_2012Metric_Pad1.18x1.45mm_HandSolder
C16;C2012X7R1H104K085AA;2;;GND;NO;RevB:Capacitor_SMD__C_0805_2012Metric_Pad1.18x1.45mm_HandSolder
C17;C0805C180J5GACTU;1;;USB_D+;YES;RevB:Capacitor_SMD__C_0805_2012Metric_Pad1.18x1.45mm_HandSolder
C17;C0805C180J5GACTU;2;;GND;YES;RevB:Capacitor_SMD__C_0805_2012Metric_Pad1.18x1.45mm_HandSolder
C18;C0805C180J5GACTU;1;;USB_D-;YES;RevB:Capacitor_SMD__C_0805_2012Metric_Pad1.18x1.45mm_HandSolder
C18;C0805C180J5GACTU;2;;GND;YES;RevB:Capacitor_SMD__C_0805_2012Metric_Pad1.18x1.45mm_HandSolder
C19;C2012X7R1H104K085AA;1;;OLED_3V3;NO;RevB:Capacitor_SMD__C_0805_2012Metric_Pad1.18x1.45mm_HandSolder
C19;C2012X7R1H104K085AA;2;;GND;NO;RevB:Capacitor_SMD__C_0805_2012Metric_Pad1.18x1.45mm_HandSolder
D1;SMBJ6.0A;1;A1_1;VBUS;NO;RevB:Diode_SMD__D_SMB
D1;SMBJ6.0A;2;A2_2;GND;NO;RevB:Diode_SMD__D_SMB
D2;TPD2E2U06DCKR;1;IO1_1;USB_CONN_D+;NO;RevB:Package_TO_SOT_SMD__SOT-323_SC-70
D2;TPD2E2U06DCKR;2;IO2_2;USB_CONN_D-;NO;RevB:Package_TO_SOT_SMD__SOT-323_SC-70
D2;TPD2E2U06DCKR;3;GND_3;GND;NO;RevB:Package_TO_SOT_SMD__SOT-323_SC-70
D3;TPD2E2U06DCKR;1;IO1_1;CC1;NO;RevB:Package_TO_SOT_SMD__SOT-323_SC-70
D3;TPD2E2U06DCKR;2;IO2_2;CC2;NO;RevB:Package_TO_SOT_SMD__SOT-323_SC-70
D3;TPD2E2U06DCKR;3;GND_3;GND;NO;RevB:Package_TO_SOT_SMD__SOT-323_SC-70
D4;TPD2E2U06DCKR;1;IO1_1;SCK;NO;RevB:Package_TO_SOT_SMD__SOT-323_SC-70
D4;TPD2E2U06DCKR;2;IO2_2;MOSI;NO;RevB:Package_TO_SOT_SMD__SOT-323_SC-70
D4;TPD2E2U06DCKR;3;GND_3;GND;NO;RevB:Package_TO_SOT_SMD__SOT-323_SC-70
D5;TPD2E2U06DCKR;1;IO1_1;OLED_RESET_N;NO;RevB:Package_TO_SOT_SMD__SOT-323_SC-70
D5;TPD2E2U06DCKR;2;IO2_2;OLED_DC;NO;RevB:Package_TO_SOT_SMD__SOT-323_SC-70
D5;TPD2E2U06DCKR;3;GND_3;GND;NO;RevB:Package_TO_SOT_SMD__SOT-323_SC-70
D6;TPD2E2U06DCKR;1;IO1_1;OLED_CS_N;NO;RevB:Package_TO_SOT_SMD__SOT-323_SC-70
D6;TPD2E2U06DCKR;2;IO2_2;OLED_3V3;NO;RevB:Package_TO_SOT_SMD__SOT-323_SC-70
D6;TPD2E2U06DCKR;3;GND_3;GND;NO;RevB:Package_TO_SOT_SMD__SOT-323_SC-70
D7;TPD2E2U06DCKR;1;IO1_1;BUTTON_EXT;NO;RevB:Package_TO_SOT_SMD__SOT-323_SC-70
D7;TPD2E2U06DCKR;2;IO2_2;GND;NO;RevB:Package_TO_SOT_SMD__SOT-323_SC-70
D7;TPD2E2U06DCKR;3;GND_3;GND;NO;RevB:Package_TO_SOT_SMD__SOT-323_SC-70
D8;TPD2E2U06DCKR;1;IO1_1;PIEZO_P;NO;RevB:Package_TO_SOT_SMD__SOT-323_SC-70
D8;TPD2E2U06DCKR;2;IO2_2;PIEZO_N;NO;RevB:Package_TO_SOT_SMD__SOT-323_SC-70
D8;TPD2E2U06DCKR;3;GND_3;GND;NO;RevB:Package_TO_SOT_SMD__SOT-323_SC-70
D9;TPD2E2U06DCKR;1;IO1_1;NTC_EXT;NO;RevB:Package_TO_SOT_SMD__SOT-323_SC-70
D9;TPD2E2U06DCKR;2;IO2_2;GND;NO;RevB:Package_TO_SOT_SMD__SOT-323_SC-70
D9;TPD2E2U06DCKR;3;GND_3;GND;NO;RevB:Package_TO_SOT_SMD__SOT-323_SC-70
D10;APT2012EC;1;K_1;CHG_N;NO;RevB:LED_SMD__LED_0805_2012Metric
D10;APT2012EC;2;A_2;CHG_LED_A;NO;RevB:LED_SMD__LED_0805_2012Metric
D11;APT2012SGC;1;K_1;LED_N;NO;RevB:LED_SMD__LED_0805_2012Metric
D11;APT2012SGC;2;A_2;RUN_LED_A;NO;RevB:LED_SMD__LED_0805_2012Metric
D12;BAV19W-7-F;1;K_1;PIEZO_P;NO;RevB:Diode_SMD__D_SOD-123
D12;BAV19W-7-F;2;A_2;PIEZO_N;NO;RevB:Diode_SMD__D_SOD-123
F1;0466001.NRHF;1;;VBUS_RAW;NO;RevB:Fuse__Fuse_1206_3216Metric
F1;0466001.NRHF;2;;VBUS;NO;RevB:Fuse__Fuse_1206_3216Metric
F2;0466001.NRHF;1;;PACK_POS;NO;RevB:Fuse__Fuse_1206_3216Metric
F2;0466001.NRHF;2;;PACK_FUSED;NO;RevB:Fuse__Fuse_1206_3216Metric
J1;USB4105-GF-A;A1;GND_A1;GND;NO;RevB:Connector_USB__USB_C_Receptacle_GCT_USB4105-xx-A_16P_TopMnt_Horizontal
J1;USB4105-GF-A;A4;VBUS_A4;VBUS_RAW;NO;RevB:Connector_USB__USB_C_Receptacle_GCT_USB4105-xx-A_16P_TopMnt_Horizontal
J1;USB4105-GF-A;A5;CC1_A5;CC1;NO;RevB:Connector_USB__USB_C_Receptacle_GCT_USB4105-xx-A_16P_TopMnt_Horizontal
J1;USB4105-GF-A;A6;D+_A6;USB_CONN_D+;NO;RevB:Connector_USB__USB_C_Receptacle_GCT_USB4105-xx-A_16P_TopMnt_Horizontal
J1;USB4105-GF-A;A7;D-_A7;USB_CONN_D-;NO;RevB:Connector_USB__USB_C_Receptacle_GCT_USB4105-xx-A_16P_TopMnt_Horizontal
J1;USB4105-GF-A;A8;SBU1_A8;unconnected-(J1-SBU1-PadA8);NO;RevB:Connector_USB__USB_C_Receptacle_GCT_USB4105-xx-A_16P_TopMnt_Horizontal
J1;USB4105-GF-A;A9;VBUS_A9;VBUS_RAW;NO;RevB:Connector_USB__USB_C_Receptacle_GCT_USB4105-xx-A_16P_TopMnt_Horizontal
J1;USB4105-GF-A;A12;GND_A12;GND;NO;RevB:Connector_USB__USB_C_Receptacle_GCT_USB4105-xx-A_16P_TopMnt_Horizontal
J1;USB4105-GF-A;B1;GND_B1;GND;NO;RevB:Connector_USB__USB_C_Receptacle_GCT_USB4105-xx-A_16P_TopMnt_Horizontal
J1;USB4105-GF-A;B4;VBUS_B4;VBUS_RAW;NO;RevB:Connector_USB__USB_C_Receptacle_GCT_USB4105-xx-A_16P_TopMnt_Horizontal
J1;USB4105-GF-A;B5;CC2_B5;CC2;NO;RevB:Connector_USB__USB_C_Receptacle_GCT_USB4105-xx-A_16P_TopMnt_Horizontal
J1;USB4105-GF-A;B6;D+_B6;USB_CONN_D+;NO;RevB:Connector_USB__USB_C_Receptacle_GCT_USB4105-xx-A_16P_TopMnt_Horizontal
J1;USB4105-GF-A;B7;D-_B7;USB_CONN_D-;NO;RevB:Connector_USB__USB_C_Receptacle_GCT_USB4105-xx-A_16P_TopMnt_Horizontal
J1;USB4105-GF-A;B8;SBU2_B8;unconnected-(J1-SBU2-PadB8);NO;RevB:Connector_USB__USB_C_Receptacle_GCT_USB4105-xx-A_16P_TopMnt_Horizontal
J1;USB4105-GF-A;B9;VBUS_B9;VBUS_RAW;NO;RevB:Connector_USB__USB_C_Receptacle_GCT_USB4105-xx-A_16P_TopMnt_Horizontal
J1;USB4105-GF-A;B12;GND_B12;GND;NO;RevB:Connector_USB__USB_C_Receptacle_GCT_USB4105-xx-A_16P_TopMnt_Horizontal
J1;USB4105-GF-A;SH;SHIELD_SH;GND;NO;RevB:Connector_USB__USB_C_Receptacle_GCT_USB4105-xx-A_16P_TopMnt_Horizontal
J1;USB4105-GF-A;SH;SHIELD_SH;GND;NO;RevB:Connector_USB__USB_C_Receptacle_GCT_USB4105-xx-A_16P_TopMnt_Horizontal
J1;USB4105-GF-A;SH;SHIELD_SH;GND;NO;RevB:Connector_USB__USB_C_Receptacle_GCT_USB4105-xx-A_16P_TopMnt_Horizontal
J1;USB4105-GF-A;SH;SHIELD_SH;GND;NO;RevB:Connector_USB__USB_C_Receptacle_GCT_USB4105-xx-A_16P_TopMnt_Horizontal
J2;B2B-PH-K-S(LF)(SN);1;Pin_1_1;PACK_POS;NO;RevB:Connector_JST__JST_PH_B2B-PH-K_1x02_P2.00mm_Vertical
J2;B2B-PH-K-S(LF)(SN);2;Pin_2_2;GND;NO;RevB:Connector_JST__JST_PH_B2B-PH-K_1x02_P2.00mm_Vertical
J3;B8B-XH-A(LF)(SN);1;Pin_1_1;GND;NO;RevB:Connector_JST__JST_XH_B8B-XH-A_1x08_P2.50mm_Vertical
J3;B8B-XH-A(LF)(SN);2;Pin_2_2;OLED_3V3;NO;RevB:Connector_JST__JST_XH_B8B-XH-A_1x08_P2.50mm_Vertical
J3;B8B-XH-A(LF)(SN);3;Pin_3_3;SCK;NO;RevB:Connector_JST__JST_XH_B8B-XH-A_1x08_P2.50mm_Vertical
J3;B8B-XH-A(LF)(SN);4;Pin_4_4;GND;NO;RevB:Connector_JST__JST_XH_B8B-XH-A_1x08_P2.50mm_Vertical
J3;B8B-XH-A(LF)(SN);5;Pin_5_5;MOSI;NO;RevB:Connector_JST__JST_XH_B8B-XH-A_1x08_P2.50mm_Vertical
J3;B8B-XH-A(LF)(SN);6;Pin_6_6;OLED_RESET_N;NO;RevB:Connector_JST__JST_XH_B8B-XH-A_1x08_P2.50mm_Vertical
J3;B8B-XH-A(LF)(SN);7;Pin_7_7;OLED_DC;NO;RevB:Connector_JST__JST_XH_B8B-XH-A_1x08_P2.50mm_Vertical
J3;B8B-XH-A(LF)(SN);8;Pin_8_8;OLED_CS_N;NO;RevB:Connector_JST__JST_XH_B8B-XH-A_1x08_P2.50mm_Vertical
J4;B2B-XH-A(LF)(SN);1;Pin_1_1;BUTTON_EXT;NO;RevB:Connector_JST__JST_XH_B2B-XH-A_1x02_P2.50mm_Vertical
J4;B2B-XH-A(LF)(SN);2;Pin_2_2;GND;NO;RevB:Connector_JST__JST_XH_B2B-XH-A_1x02_P2.50mm_Vertical
J5;B2B-XH-A(LF)(SN);1;Pin_1_1;PIEZO_P;NO;RevB:Connector_JST__JST_XH_B2B-XH-A_1x02_P2.50mm_Vertical
J5;B2B-XH-A(LF)(SN);2;Pin_2_2;PIEZO_N;NO;RevB:Connector_JST__JST_XH_B2B-XH-A_1x02_P2.50mm_Vertical
J6;B2B-PH-K-S(LF)(SN);1;Pin_1_1;NTC_EXT;NO;RevB:Connector_JST__JST_PH_B2B-PH-K_1x02_P2.00mm_Vertical
J6;B2B-PH-K-S(LF)(SN);2;Pin_2_2;GND;NO;RevB:Connector_JST__JST_PH_B2B-PH-K_1x02_P2.00mm_Vertical
Q1;DMP2035U-7;1;G_1;BAT_GATE;NO;RevB:Package_TO_SOT_SMD__SOT-23
Q1;DMP2035U-7;2;S_2;VBAT;NO;RevB:Package_TO_SOT_SMD__SOT-23
Q1;DMP2035U-7;3;D_3;PACK_FUSED;NO;RevB:Package_TO_SOT_SMD__SOT-23
Q2;BSS84-7-F;1;G_1;PACK_FUSED;NO;RevB:Package_TO_SOT_SMD__SOT-23
Q2;BSS84-7-F;2;S_2;VBAT;NO;RevB:Package_TO_SOT_SMD__SOT-23
Q2;BSS84-7-F;3;D_3;BAT_GATE;NO;RevB:Package_TO_SOT_SMD__SOT-23
Q3;2N7002-7-F;1;G_1;CS_INVERT;NO;RevB:Package_TO_SOT_SMD__SOT-23
Q3;2N7002-7-F;2;S_2;GND;NO;RevB:Package_TO_SOT_SMD__SOT-23
Q3;2N7002-7-F;3;D_3;OLED_CS_N;NO;RevB:Package_TO_SOT_SMD__SOT-23
Q4;BSS84-7-F;1;G_1;SENSE_GATE;NO;RevB:Package_TO_SOT_SMD__SOT-23
Q4;BSS84-7-F;2;S_2;VBAT;NO;RevB:Package_TO_SOT_SMD__SOT-23
Q4;BSS84-7-F;3;D_3;BAT_SAMPLED;NO;RevB:Package_TO_SOT_SMD__SOT-23
Q5;2N7002-7-F;1;G_1;3V3;NO;RevB:Package_TO_SOT_SMD__SOT-23
Q5;2N7002-7-F;2;S_2;GND;NO;RevB:Package_TO_SOT_SMD__SOT-23
Q5;2N7002-7-F;3;D_3;SENSE_GATE;NO;RevB:Package_TO_SOT_SMD__SOT-23
Q6;DMN2056U-7;1;G_1;BUZZ_GATE;NO;RevB:Package_TO_SOT_SMD__SOT-23
Q6;DMN2056U-7;2;S_2;GND;NO;RevB:Package_TO_SOT_SMD__SOT-23
Q6;DMN2056U-7;3;D_3;PIEZO_N;NO;RevB:Package_TO_SOT_SMD__SOT-23
Q7;2N7002-7-F;1;G_1;SUSPEND_N;NO;RevB:Package_TO_SOT_SMD__SOT-23
Q7;2N7002-7-F;2;S_2;GND;NO;RevB:Package_TO_SOT_SMD__SOT-23
Q7;2N7002-7-F;3;D_3;USB_SUSPEND;NO;RevB:Package_TO_SOT_SMD__SOT-23
R1;ERJ-6ENF5101V;1;;CC1;NO;RevB:Resistor_SMD__R_0805_2012Metric_Pad1.20x1.40mm_HandSolder
R1;ERJ-6ENF5101V;2;;GND;NO;RevB:Resistor_SMD__R_0805_2012Metric_Pad1.20x1.40mm_HandSolder
R2;ERJ-6ENF5101V;1;;CC2;NO;RevB:Resistor_SMD__R_0805_2012Metric_Pad1.20x1.40mm_HandSolder
R2;ERJ-6ENF5101V;2;;GND;NO;RevB:Resistor_SMD__R_0805_2012Metric_Pad1.20x1.40mm_HandSolder
R3;ERJ-6ENF22R0V;1;;USB_D+;NO;RevB:Resistor_SMD__R_0805_2012Metric_Pad1.20x1.40mm_HandSolder
R3;ERJ-6ENF22R0V;2;;USB_CONN_D+;NO;RevB:Resistor_SMD__R_0805_2012Metric_Pad1.20x1.40mm_HandSolder
R4;ERJ-6ENF22R0V;1;;USB_D-;NO;RevB:Resistor_SMD__R_0805_2012Metric_Pad1.20x1.40mm_HandSolder
R4;ERJ-6ENF22R0V;2;;USB_CONN_D-;NO;RevB:Resistor_SMD__R_0805_2012Metric_Pad1.20x1.40mm_HandSolder
R5;ERJ-6ENF1003V;1;;BAT_GATE;NO;RevB:Resistor_SMD__R_0805_2012Metric_Pad1.20x1.40mm_HandSolder
R5;ERJ-6ENF1003V;2;;GND;NO;RevB:Resistor_SMD__R_0805_2012Metric_Pad1.20x1.40mm_HandSolder
R6;ERJ-6ENF1004V;1;;PACK_FUSED;YES;RevB:Resistor_SMD__R_0805_2012Metric_Pad1.20x1.40mm_HandSolder
R6;ERJ-6ENF1004V;2;;VBAT;YES;RevB:Resistor_SMD__R_0805_2012Metric_Pad1.20x1.40mm_HandSolder
R7;ERJ-6ENF6191V;1;;ISET;NO;RevB:Resistor_SMD__R_0805_2012Metric_Pad1.20x1.40mm_HandSolder
R7;ERJ-6ENF6191V;2;;GND;NO;RevB:Resistor_SMD__R_0805_2012Metric_Pad1.20x1.40mm_HandSolder
R8;ERJ-6ENF3241V;1;;ILIM;NO;RevB:Resistor_SMD__R_0805_2012Metric_Pad1.20x1.40mm_HandSolder
R8;ERJ-6ENF3241V;2;;GND;NO;RevB:Resistor_SMD__R_0805_2012Metric_Pad1.20x1.40mm_HandSolder
R9;ERJ-6ENF4642V;1;;TMR;NO;RevB:Resistor_SMD__R_0805_2012Metric_Pad1.20x1.40mm_HandSolder
R9;ERJ-6ENF4642V;2;;GND;NO;RevB:Resistor_SMD__R_0805_2012Metric_Pad1.20x1.40mm_HandSolder
R10;ERJ-6ENF1003V;1;;CHG_DISABLE;NO;RevB:Resistor_SMD__R_0805_2012Metric_Pad1.20x1.40mm_HandSolder
R10;ERJ-6ENF1003V;2;;VSYS;NO;RevB:Resistor_SMD__R_0805_2012Metric_Pad1.20x1.40mm_HandSolder
R11;ERJ-6ENF1000V;1;;NTC_EXT;NO;RevB:Resistor_SMD__R_0805_2012Metric_Pad1.20x1.40mm_HandSolder
R11;ERJ-6ENF1000V;2;;NTC;NO;RevB:Resistor_SMD__R_0805_2012Metric_Pad1.20x1.40mm_HandSolder
R12;ERJ-6ENF1002V;1;;NTC;YES;RevB:Resistor_SMD__R_0805_2012Metric_Pad1.20x1.40mm_HandSolder
R12;ERJ-6ENF1002V;2;;GND;YES;RevB:Resistor_SMD__R_0805_2012Metric_Pad1.20x1.40mm_HandSolder
R13;ERJ-6ENF1004V;1;;RUN_EN;NO;RevB:Resistor_SMD__R_0805_2012Metric_Pad1.20x1.40mm_HandSolder
R13;ERJ-6ENF1004V;2;;GND;NO;RevB:Resistor_SMD__R_0805_2012Metric_Pad1.20x1.40mm_HandSolder
R14;ERJ-6GEY0R00V;1;;3V3_REG;NO;RevB:Resistor_SMD__R_0805_2012Metric_Pad1.20x1.40mm_HandSolder
R14;ERJ-6GEY0R00V;2;;3V3;NO;RevB:Resistor_SMD__R_0805_2012Metric_Pad1.20x1.40mm_HandSolder
R15;ERJ-6ENF3301V;1;;VSYS;NO;RevB:Resistor_SMD__R_0805_2012Metric_Pad1.20x1.40mm_HandSolder
R15;ERJ-6ENF3301V;2;;CHG_LED_A;NO;RevB:Resistor_SMD__R_0805_2012Metric_Pad1.20x1.40mm_HandSolder
R16;ERJ-6ENF1002V;1;;3V3;NO;RevB:Resistor_SMD__R_0805_2012Metric_Pad1.20x1.40mm_HandSolder
R16;ERJ-6ENF1002V;2;;RESET_N;NO;RevB:Resistor_SMD__R_0805_2012Metric_Pad1.20x1.40mm_HandSolder
R17;ERJ-6ENF1002V;1;;3V3;NO;RevB:Resistor_SMD__R_0805_2012Metric_Pad1.20x1.40mm_HandSolder
R17;ERJ-6ENF1002V;2;;BOOT_N;NO;RevB:Resistor_SMD__R_0805_2012Metric_Pad1.20x1.40mm_HandSolder
R18;ERJ-6ENF1002V;1;;3V3;NO;RevB:Resistor_SMD__R_0805_2012Metric_Pad1.20x1.40mm_HandSolder
R18;ERJ-6ENF1002V;2;;CS_INVERT;NO;RevB:Resistor_SMD__R_0805_2012Metric_Pad1.20x1.40mm_HandSolder
R19;ERJ-6ENF1002V;1;;3V3;NO;RevB:Resistor_SMD__R_0805_2012Metric_Pad1.20x1.40mm_HandSolder
R19;ERJ-6ENF1002V;2;;SUSPEND_N;NO;RevB:Resistor_SMD__R_0805_2012Metric_Pad1.20x1.40mm_HandSolder
R20;ERJ-6ENF3301V;1;;3V3;NO;RevB:Resistor_SMD__R_0805_2012Metric_Pad1.20x1.40mm_HandSolder
R20;ERJ-6ENF3301V;2;;RUN_LED_A;NO;RevB:Resistor_SMD__R_0805_2012Metric_Pad1.20x1.40mm_HandSolder
R21;ERJ-6ENF1003V;1;;USB_500;NO;RevB:Resistor_SMD__R_0805_2012Metric_Pad1.20x1.40mm_HandSolder
R21;ERJ-6ENF1003V;2;;GND;NO;RevB:Resistor_SMD__R_0805_2012Metric_Pad1.20x1.40mm_HandSolder
R22;ERJ-6ENF1003V;1;;USB_SUSPEND;YES;RevB:Resistor_SMD__R_0805_2012Metric_Pad1.20x1.40mm_HandSolder
R22;ERJ-6ENF1003V;2;;GND;YES;RevB:Resistor_SMD__R_0805_2012Metric_Pad1.20x1.40mm_HandSolder
R23;ERJ-6ENF2200V;1;;SCK_BUF;NO;RevB:Resistor_SMD__R_0805_2012Metric_Pad1.20x1.40mm_HandSolder
R23;ERJ-6ENF2200V;2;;SCK;NO;RevB:Resistor_SMD__R_0805_2012Metric_Pad1.20x1.40mm_HandSolder
R24;ERJ-6ENF2200V;1;;MOSI_BUF;NO;RevB:Resistor_SMD__R_0805_2012Metric_Pad1.20x1.40mm_HandSolder
R24;ERJ-6ENF2200V;2;;MOSI;NO;RevB:Resistor_SMD__R_0805_2012Metric_Pad1.20x1.40mm_HandSolder
R25;ERJ-6ENF2200V;1;;RES_BUF;NO;RevB:Resistor_SMD__R_0805_2012Metric_Pad1.20x1.40mm_HandSolder
R25;ERJ-6ENF2200V;2;;OLED_RESET_N;NO;RevB:Resistor_SMD__R_0805_2012Metric_Pad1.20x1.40mm_HandSolder
R26;ERJ-6ENF2200V;1;;DC_BUF;NO;RevB:Resistor_SMD__R_0805_2012Metric_Pad1.20x1.40mm_HandSolder
R26;ERJ-6ENF2200V;2;;OLED_DC;NO;RevB:Resistor_SMD__R_0805_2012Metric_Pad1.20x1.40mm_HandSolder
R27;ERJ-6ENF1002V;1;;OLED_3V3;NO;RevB:Resistor_SMD__R_0805_2012Metric_Pad1.20x1.40mm_HandSolder
R27;ERJ-6ENF1002V;2;;OLED_CS_N;NO;RevB:Resistor_SMD__R_0805_2012Metric_Pad1.20x1.40mm_HandSolder
R28;ERJ-6ENF1003V;1;;OLED_EN;NO;RevB:Resistor_SMD__R_0805_2012Metric_Pad1.20x1.40mm_HandSolder
R28;ERJ-6ENF1003V;2;;GND;NO;RevB:Resistor_SMD__R_0805_2012Metric_Pad1.20x1.40mm_HandSolder
R29;ERJ-6ENF1000V;1;;OLED_3V3;NO;RevB:Resistor_SMD__R_0805_2012Metric_Pad1.20x1.40mm_HandSolder
R29;ERJ-6ENF1000V;2;;OLED_DISCHARGE;NO;RevB:Resistor_SMD__R_0805_2012Metric_Pad1.20x1.40mm_HandSolder
R30;ERJ-6ENF1004V;1;;VBAT;NO;RevB:Resistor_SMD__R_0805_2012Metric_Pad1.20x1.40mm_HandSolder
R30;ERJ-6ENF1004V;2;;SENSE_GATE;NO;RevB:Resistor_SMD__R_0805_2012Metric_Pad1.20x1.40mm_HandSolder
R31;ERJ-6ENF1004V;1;;BAT_SAMPLED;NO;RevB:Resistor_SMD__R_0805_2012Metric_Pad1.20x1.40mm_HandSolder
R31;ERJ-6ENF1004V;2;;BAT_ADC;NO;RevB:Resistor_SMD__R_0805_2012Metric_Pad1.20x1.40mm_HandSolder
R32;ERJ-6ENF3303V;1;;BAT_ADC;NO;RevB:Resistor_SMD__R_0805_2012Metric_Pad1.20x1.40mm_HandSolder
R32;ERJ-6ENF3303V;2;;GND;NO;RevB:Resistor_SMD__R_0805_2012Metric_Pad1.20x1.40mm_HandSolder
R33;ERJ-6ENF1003V;1;;3V3;NO;RevB:Resistor_SMD__R_0805_2012Metric_Pad1.20x1.40mm_HandSolder
R33;ERJ-6ENF1003V;2;;BUTTON;NO;RevB:Resistor_SMD__R_0805_2012Metric_Pad1.20x1.40mm_HandSolder
R34;ERJ-6ENF1001V;1;;BUTTON_EXT;NO;RevB:Resistor_SMD__R_0805_2012Metric_Pad1.20x1.40mm_HandSolder
R34;ERJ-6ENF1001V;2;;BUTTON;NO;RevB:Resistor_SMD__R_0805_2012Metric_Pad1.20x1.40mm_HandSolder
R35;ERJ-6ENF1003V;1;;BUZZ_GATE;NO;RevB:Resistor_SMD__R_0805_2012Metric_Pad1.20x1.40mm_HandSolder
R35;ERJ-6ENF1003V;2;;GND;NO;RevB:Resistor_SMD__R_0805_2012Metric_Pad1.20x1.40mm_HandSolder
R36;ERJ-6ENF1000V;1;;3V3;NO;RevB:Resistor_SMD__R_0805_2012Metric_Pad1.20x1.40mm_HandSolder
R36;ERJ-6ENF1000V;2;;PIEZO_P;NO;RevB:Resistor_SMD__R_0805_2012Metric_Pad1.20x1.40mm_HandSolder
R37;ERJ-6ENF1001V;1;;PIEZO_P;NO;RevB:Resistor_SMD__R_0805_2012Metric_Pad1.20x1.40mm_HandSolder
R37;ERJ-6ENF1001V;2;;PIEZO_N;NO;RevB:Resistor_SMD__R_0805_2012Metric_Pad1.20x1.40mm_HandSolder
R38;ERJ-6ENF1003V;1;;3V3;NO;RevB:Resistor_SMD__R_0805_2012Metric_Pad1.20x1.40mm_HandSolder
R38;ERJ-6ENF1003V;2;;USB_SUSPEND;NO;RevB:Resistor_SMD__R_0805_2012Metric_Pad1.20x1.40mm_HandSolder
R39;ERJ-6GEY0R00V;1;;CHG_DISABLE;YES;RevB:Resistor_SMD__R_0805_2012Metric_Pad1.20x1.40mm_HandSolder
R39;ERJ-6GEY0R00V;2;;GND;YES;RevB:Resistor_SMD__R_0805_2012Metric_Pad1.20x1.40mm_HandSolder
SW1;OS102011MS2QN1;1;A_1;VSYS;NO;RevB:Button_Switch_THT__SW_Slide_SPDT_Straight_CK_OS102011MS2Q
SW1;OS102011MS2QN1;2;B_2;RUN_EN;NO;RevB:Button_Switch_THT__SW_Slide_SPDT_Straight_CK_OS102011MS2Q
SW1;OS102011MS2QN1;3;C_3;GND;NO;RevB:Button_Switch_THT__SW_Slide_SPDT_Straight_CK_OS102011MS2Q
TP1;N/A - bare copper pad;1;1_1;VBUS;YES;RevB:TestPoint__TestPoint_Pad_D1.5mm
TP2;N/A - bare copper pad;1;1_1;VBAT;YES;RevB:TestPoint__TestPoint_Pad_D1.5mm
TP3;N/A - bare copper pad;1;1_1;VSYS;YES;RevB:TestPoint__TestPoint_Pad_D1.5mm
TP4;N/A - bare copper pad;1;1_1;3V3_REG;YES;RevB:TestPoint__TestPoint_Pad_D1.5mm
TP5;N/A - bare copper pad;1;1_1;3V3;YES;RevB:TestPoint__TestPoint_Pad_D1.5mm
TP6;N/A - bare copper pad;1;1_1;GND;YES;RevB:TestPoint__TestPoint_Pad_D1.5mm
TP7;N/A - bare copper pad;1;1_1;RESET_N;YES;RevB:TestPoint__TestPoint_Pad_D1.5mm
TP8;N/A - bare copper pad;1;1_1;BOOT_N;YES;RevB:TestPoint__TestPoint_Pad_D1.5mm
TP9;N/A - bare copper pad;1;1_1;BAT_ADC;YES;RevB:TestPoint__TestPoint_Pad_D1.5mm
TP10;N/A - bare copper pad;1;1_1;USB_GOOD_N;YES;RevB:TestPoint__TestPoint_Pad_D1.5mm
TP11;N/A - bare copper pad;1;1_1;CHG_DISABLE;YES;RevB:TestPoint__TestPoint_Pad_D1.5mm
TP12;N/A - bare copper pad;1;1_1;NTC;YES;RevB:TestPoint__TestPoint_Pad_D1.5mm
TP13;N/A - bare copper pad;1;1_1;GND;YES;RevB:TestPoint__TestPoint_Pad_D1.5mm
TP14;N/A - bare copper pad;1;1_1;GND;YES;RevB:TestPoint__TestPoint_Pad_D1.5mm
TP15;N/A - bare copper pad;1;1_1;BUTTON;YES;RevB:TestPoint__TestPoint_Pad_D1.5mm
TP16;N/A - bare copper pad;1;1_1;ISET;YES;RevB:TestPoint__TestPoint_Pad_D1.5mm
U1;ESP32-C3-WROOM-02-N4;1;3V3_1;3V3;NO;RevB:RF_Module__ESP32-C3-WROOM-02
U1;ESP32-C3-WROOM-02-N4;2;EN_2;RESET_N;NO;RevB:RF_Module__ESP32-C3-WROOM-02
U1;ESP32-C3-WROOM-02-N4;3;IO4_3;SCK_M;NO;RevB:RF_Module__ESP32-C3-WROOM-02
U1;ESP32-C3-WROOM-02-N4;4;IO5_4;MOSI_M;NO;RevB:RF_Module__ESP32-C3-WROOM-02
U1;ESP32-C3-WROOM-02-N4;5;IO6_5;RES_M;NO;RevB:RF_Module__ESP32-C3-WROOM-02
U1;ESP32-C3-WROOM-02-N4;6;IO7_6;DC_M;NO;RevB:RF_Module__ESP32-C3-WROOM-02
U1;ESP32-C3-WROOM-02-N4;7;IO8_7;CS_INVERT;NO;RevB:RF_Module__ESP32-C3-WROOM-02
U1;ESP32-C3-WROOM-02-N4;8;IO9_8;BOOT_N;NO;RevB:RF_Module__ESP32-C3-WROOM-02
U1;ESP32-C3-WROOM-02-N4;9;GND_9;GND;NO;RevB:RF_Module__ESP32-C3-WROOM-02
U1;ESP32-C3-WROOM-02-N4;10;IO10_10;OLED_EN;NO;RevB:RF_Module__ESP32-C3-WROOM-02
U1;ESP32-C3-WROOM-02-N4;11;IO20/RXD_11;USB_500;NO;RevB:RF_Module__ESP32-C3-WROOM-02
U1;ESP32-C3-WROOM-02-N4;12;IO21/TXD_12;LED_N;NO;RevB:RF_Module__ESP32-C3-WROOM-02
U1;ESP32-C3-WROOM-02-N4;13;IO18_13;USB_D-;NO;RevB:RF_Module__ESP32-C3-WROOM-02
U1;ESP32-C3-WROOM-02-N4;14;IO19_14;USB_D+;NO;RevB:RF_Module__ESP32-C3-WROOM-02
U1;ESP32-C3-WROOM-02-N4;15;IO3_15;BUTTON;NO;RevB:RF_Module__ESP32-C3-WROOM-02
U1;ESP32-C3-WROOM-02-N4;16;IO2_16;SUSPEND_N;NO;RevB:RF_Module__ESP32-C3-WROOM-02
U1;ESP32-C3-WROOM-02-N4;17;IO1_17;BUZZ_GATE;NO;RevB:RF_Module__ESP32-C3-WROOM-02
U1;ESP32-C3-WROOM-02-N4;18;IO0_18;BAT_ADC;NO;RevB:RF_Module__ESP32-C3-WROOM-02
U1;ESP32-C3-WROOM-02-N4;19;GND_19;GND;NO;RevB:RF_Module__ESP32-C3-WROOM-02
U1;ESP32-C3-WROOM-02-N4;19;GND_19;GND;NO;RevB:RF_Module__ESP32-C3-WROOM-02
U1;ESP32-C3-WROOM-02-N4;19;GND_19;GND;NO;RevB:RF_Module__ESP32-C3-WROOM-02
U1;ESP32-C3-WROOM-02-N4;19;GND_19;GND;NO;RevB:RF_Module__ESP32-C3-WROOM-02
U1;ESP32-C3-WROOM-02-N4;19;GND_19;GND;NO;RevB:RF_Module__ESP32-C3-WROOM-02
U1;ESP32-C3-WROOM-02-N4;19;GND_19;GND;NO;RevB:RF_Module__ESP32-C3-WROOM-02
U1;ESP32-C3-WROOM-02-N4;19;GND_19;GND;NO;RevB:RF_Module__ESP32-C3-WROOM-02
U1;ESP32-C3-WROOM-02-N4;19;GND_19;GND;NO;RevB:RF_Module__ESP32-C3-WROOM-02
U1;ESP32-C3-WROOM-02-N4;19;GND_19;GND;NO;RevB:RF_Module__ESP32-C3-WROOM-02
U1;ESP32-C3-WROOM-02-N4;19;GND_19;GND;NO;RevB:RF_Module__ESP32-C3-WROOM-02
U1;ESP32-C3-WROOM-02-N4;19;GND_19;GND;NO;RevB:RF_Module__ESP32-C3-WROOM-02
U1;ESP32-C3-WROOM-02-N4;19;GND_19;GND;NO;RevB:RF_Module__ESP32-C3-WROOM-02
U1;ESP32-C3-WROOM-02-N4;19;GND_19;GND;NO;RevB:RF_Module__ESP32-C3-WROOM-02
U2;BQ24074RGTR;1;TS_1;NTC;NO;RevB:Package_DFN_QFN__VQFN-16-1EP_3x3mm_P0.5mm_EP1.6x1.6mm
U2;BQ24074RGTR;2;BAT_2;VBAT;NO;RevB:Package_DFN_QFN__VQFN-16-1EP_3x3mm_P0.5mm_EP1.6x1.6mm
U2;BQ24074RGTR;3;BAT_3;VBAT;NO;RevB:Package_DFN_QFN__VQFN-16-1EP_3x3mm_P0.5mm_EP1.6x1.6mm
U2;BQ24074RGTR;4;~{CE}_4;CHG_DISABLE;NO;RevB:Package_DFN_QFN__VQFN-16-1EP_3x3mm_P0.5mm_EP1.6x1.6mm
U2;BQ24074RGTR;5;EN2_5;USB_SUSPEND;NO;RevB:Package_DFN_QFN__VQFN-16-1EP_3x3mm_P0.5mm_EP1.6x1.6mm
U2;BQ24074RGTR;6;EN1_6;USB_500;NO;RevB:Package_DFN_QFN__VQFN-16-1EP_3x3mm_P0.5mm_EP1.6x1.6mm
U2;BQ24074RGTR;7;~{PGOOD}_7;USB_GOOD_N;NO;RevB:Package_DFN_QFN__VQFN-16-1EP_3x3mm_P0.5mm_EP1.6x1.6mm
U2;BQ24074RGTR;8;VSS_8;GND;NO;RevB:Package_DFN_QFN__VQFN-16-1EP_3x3mm_P0.5mm_EP1.6x1.6mm
U2;BQ24074RGTR;9;~{CHG}_9;CHG_N;NO;RevB:Package_DFN_QFN__VQFN-16-1EP_3x3mm_P0.5mm_EP1.6x1.6mm
U2;BQ24074RGTR;10;OUT_10;VSYS;NO;RevB:Package_DFN_QFN__VQFN-16-1EP_3x3mm_P0.5mm_EP1.6x1.6mm
U2;BQ24074RGTR;11;OUT_11;VSYS;NO;RevB:Package_DFN_QFN__VQFN-16-1EP_3x3mm_P0.5mm_EP1.6x1.6mm
U2;BQ24074RGTR;12;ILIM_12;ILIM;NO;RevB:Package_DFN_QFN__VQFN-16-1EP_3x3mm_P0.5mm_EP1.6x1.6mm
U2;BQ24074RGTR;13;IN_13;VBUS;NO;RevB:Package_DFN_QFN__VQFN-16-1EP_3x3mm_P0.5mm_EP1.6x1.6mm
U2;BQ24074RGTR;14;TMR_14;TMR;NO;RevB:Package_DFN_QFN__VQFN-16-1EP_3x3mm_P0.5mm_EP1.6x1.6mm
U2;BQ24074RGTR;15;ITERM_15;unconnected-(U2-ITERM-Pad15);NO;RevB:Package_DFN_QFN__VQFN-16-1EP_3x3mm_P0.5mm_EP1.6x1.6mm
U2;BQ24074RGTR;16;ISET_16;ISET;NO;RevB:Package_DFN_QFN__VQFN-16-1EP_3x3mm_P0.5mm_EP1.6x1.6mm
U2;BQ24074RGTR;17;VSS_17;GND;NO;RevB:Package_DFN_QFN__VQFN-16-1EP_3x3mm_P0.5mm_EP1.6x1.6mm
U3;XC6220B331PR-G;1;CE_1;RUN_EN;NO;RevB:Package_TO_SOT_SMD__SOT-89-5
U3;XC6220B331PR-G;2;GND_2;GND;NO;RevB:Package_TO_SOT_SMD__SOT-89-5
U3;XC6220B331PR-G;3;NC_3;unconnected-(U3-NC-Pad3);NO;RevB:Package_TO_SOT_SMD__SOT-89-5
U3;XC6220B331PR-G;4;VIN_4;VSYS;NO;RevB:Package_TO_SOT_SMD__SOT-89-5
U3;XC6220B331PR-G;5;VOUT_5;3V3_REG;NO;RevB:Package_TO_SOT_SMD__SOT-89-5
U4;TPS22919DCKR;1;IN_1;3V3;NO;RevB:Package_TO_SOT_SMD__SOT-363_SC-70-6
U4;TPS22919DCKR;2;GND_2;GND;NO;RevB:Package_TO_SOT_SMD__SOT-363_SC-70-6
U4;TPS22919DCKR;3;ON_3;OLED_EN;NO;RevB:Package_TO_SOT_SMD__SOT-363_SC-70-6
U4;TPS22919DCKR;4;NC_4;unconnected-(U4-NC-Pad4);NO;RevB:Package_TO_SOT_SMD__SOT-363_SC-70-6
U4;TPS22919DCKR;5;QOD_5;OLED_DISCHARGE;NO;RevB:Package_TO_SOT_SMD__SOT-363_SC-70-6
U4;TPS22919DCKR;6;OUT_6;OLED_3V3;NO;RevB:Package_TO_SOT_SMD__SOT-363_SC-70-6
U5;74LVC125AD,118;1;1OE_N_1;GND;NO;RevB:Package_SO__SOIC-14_3.9x8.7mm_P1.27mm
U5;74LVC125AD,118;2;1A_2;SCK_M;NO;RevB:Package_SO__SOIC-14_3.9x8.7mm_P1.27mm
U5;74LVC125AD,118;3;1Y_3;SCK_BUF;NO;RevB:Package_SO__SOIC-14_3.9x8.7mm_P1.27mm
U5;74LVC125AD,118;4;2OE_N_4;GND;NO;RevB:Package_SO__SOIC-14_3.9x8.7mm_P1.27mm
U5;74LVC125AD,118;5;2A_5;MOSI_M;NO;RevB:Package_SO__SOIC-14_3.9x8.7mm_P1.27mm
U5;74LVC125AD,118;6;2Y_6;MOSI_BUF;NO;RevB:Package_SO__SOIC-14_3.9x8.7mm_P1.27mm
U5;74LVC125AD,118;7;GND_7;GND;NO;RevB:Package_SO__SOIC-14_3.9x8.7mm_P1.27mm
U5;74LVC125AD,118;8;3Y_8;RES_BUF;NO;RevB:Package_SO__SOIC-14_3.9x8.7mm_P1.27mm
U5;74LVC125AD,118;9;3A_9;RES_M;NO;RevB:Package_SO__SOIC-14_3.9x8.7mm_P1.27mm
U5;74LVC125AD,118;10;3OE_N_10;GND;NO;RevB:Package_SO__SOIC-14_3.9x8.7mm_P1.27mm
U5;74LVC125AD,118;11;4Y_11;DC_BUF;NO;RevB:Package_SO__SOIC-14_3.9x8.7mm_P1.27mm
U5;74LVC125AD,118;12;4A_12;DC_M;NO;RevB:Package_SO__SOIC-14_3.9x8.7mm_P1.27mm
U5;74LVC125AD,118;13;4OE_N_13;GND;NO;RevB:Package_SO__SOIC-14_3.9x8.7mm_P1.27mm
U5;74LVC125AD,118;14;VCC_14;OLED_3V3;NO;RevB:Package_SO__SOIC-14_3.9x8.7mm_P1.27mm
